scenario_id,scenario_name,category,safe_count,watch_count,critical_count,safe_pct,watch_pct,critical_pct,total_changed,pct_changed,safe_to_watch,watch_to_critical,safe_to_critical,critical_to_watch,watch_to_safe,sanity_all_pass
Scenario_A,"Baseline (SAFE <=2, WATCH 3-5, CRITICAL >=6)",Boundary Baseline,3267,1710,428,60.44,31.64,7.92,0,0.0,0,0,0,0,0,True
Scenario_B,"Boundary B (SAFE <=2, WATCH 3-4, CRITICAL >=5)",Boundary Sensitivity,3267,1559,579,60.44,28.84,10.71,151,2.79,0,151,0,0,0,True
Scenario_C,"Boundary C (SAFE <=3, WATCH 4-5, CRITICAL >=6)",Boundary Sensitivity,4035,942,428,74.65,17.43,7.92,768,14.21,0,0,0,0,768,True
Scenario_D,"Boundary D (SAFE <=2, WATCH 3-6, CRITICAL >=7)",Boundary Sensitivity,3267,1833,305,60.44,33.91,5.64,123,2.28,0,0,0,123,0,True
Trend_0.20,Trend 0.25->0.20 m/yr (-0.05 m/yr),Trend Sensitivity,3261,1701,443,60.33,31.47,8.2,21,0.39,6,15,0,0,0,True
Trend_0.30,Trend 0.25->0.30 m/yr (+0.05 m/yr),Trend Sensitivity,3267,1723,415,60.44,31.88,7.68,13,0.24,0,0,0,13,0,True
Trend_0.60,Trend 0.50->0.60 m/yr (+0.10 m/yr),Trend Sensitivity,3269,1711,425,60.48,31.66,7.86,5,0.09,0,0,0,3,2,True
FC_+0.25m,Forecast Change (+0.25m offset),Forecast Sensitivity,3609,1392,404,66.77,25.75,7.47,366,6.77,0,0,0,24,342,True
FC_-0.25m,Forecast Change (-0.25m offset),Forecast Sensitivity,2898,2051,456,53.62,37.95,8.44,397,7.35,369,28,0,0,0,True
Depth_15_35m,Depth Thresholds 15/35m (-5m offset),Depth Sensitivity,3244,1713,448,60.02,31.69,8.29,43,0.8,23,20,0,0,0,True
Depth_25_45m,Depth Thresholds 25/45m (+5m offset),Depth Sensitivity,3271,1719,415,60.52,31.8,7.68,17,0.31,0,0,0,13,4,True
